Workbook
Name MmExcelLinker_8368C8B8_2491_440F_8D31_BFFF1753CA9A: Base_matières!#REF!
Name MmExcelLinker_E0A0798F_30E1_4931_84BD_B4AB4D3F1999: Parametres!$A$81:$X$81
Name Prix_frontal_au_m²: Base_matières!#REF!

Sheet Parametres
C1: Taux de change | G1: 0.85 | H1: Incidence dollar ou taxes | O1: Prix | S1: Transport | T1: USD | W1: 4000
C2: Prix Matières Premières | D2: Poids | E2: Poids en gsm | F2: Prix Ancien | G2: Fournisseur | H2: Prix en EUROS par m² | I2: Taxes ou Gaz | J2: Silicone + azote | K2: Incidence dollar ou taxes import | L2: Prix en DOLLARS au m² | N2: Prix au Kg en USD | O2: Prix au kg en USD | P2: Poids | Q2: Prix /m² | S2: Transport par 26,000 kg | T2: Transport au kg | U2: Transport au m² | W2: Conversion dollar - euro | X2: Poids au m² | Y2: Fournisseur | Z2: Appellation | AA2: Grammage
C3: 1- Silicone
A4: Linerless | C4: Sans silicone | H4: 0
A5: Linerless | C5: Linerless | H5: 0
A6: S | C6: Silicone Phoenix Release | G6: Phoenix | H6: =N6*X6 -> 0.0572 | N6: 28.6 | X6: 0.002 | Y6: Evonik
A7: S | C7: Silicone Phoenix Release + azote | G7: Phoenix | H7: =N7*X7 -> 0.0772 | N7: 38.6 | X7: 0.002 | Y7: Evonik
A9: SGLN | C9: Sans Glassine | H9: 0
A10: GLS | B10: 58 | C10: Glassine 58 g sil./Itasa Prix en Baisse | G10: Itasa | H10: 0.148 | Y10: Mondi | Z10: GLS | AA10: 62
A11: GLS | B11: 58 | C11: Glassine 58 g sil./Itasa KS2 (E) | D11: 46119 | F11: 0.155 | G11: Itasa | H11: 0.18 | Y11: Mondi | Z11: GLS | AA11: 62
A12: GLS | B12: 47 | C12: Glassine 58 g chinois SU | G12: Chine | H12: =L12*K12 -> 0.10423458 | K12: 0.92 | L12: =(O12+T12)*X12 -> 0.11329846 | O12: 1.696 | P12: 26000 | S12: 5000 | T12: =S12/P12 -> 0.19230769 | W12: 1 | X12: 0.06 | Y12: Mondi | Z12: GLS | AA12: 62
A13: GLS | B13: 47 | C13: Glassine 58 g chinois LK | F13: G1101 | G13: Chine | H13: =L13*K13 -> 0.11163138 | K13: 0.92 | L13: =(O13+T13)*X13 -> 0.12133846 | O13: 1.83 | P13: 26000 | S13: 5000 | T13: =S13/P13 -> 0.19230769 | W13: 1 | X13: 0.06 | Y13: Mondi | Z13: GLS | AA13: 62
C14: 3- Adhésif enlevable
A15: E | B15: 2355 | C15: 2355/22 | D15: au 07/04/26 | F15: 5.89 | G15: Bostik | H15: =N15*X15 -> 0.14881 | I15: 1 | N15: 6.47 | X15: 0.023 | Y15: Bostik | Z15: EN
A16: E | B16: 1408 | C16: 1408/22 | D16: 46119 | F16: 3.7 | G16: Meltavis | H16: =N16*X16 -> 0.0966 | N16: 4.2 | X16: 0.023 | Y16: Meltavis
C17: 5- Adhésif congélation | I17: 1
A18: E | B18: 2259 | C18: 2259/22 | D18: 46119 | F18: 5.35 | G18: Bostik | H18: =N18*X18 -> 0.13524 | I18: 1 | N18: 5.88 | X18: 0.023 | Y18: Bostik | Z18: CO
A19: P | B19: 2028 | C19: 2028/22 | G19: Jaour | H19: =N19*X19*K19 -> 0.075465 | K19: 1.075 | N19: 2.7 | X19: 0.026 | Y19: Jaour
A20: P | B20: 2028 | C20: 2028/25 | G20: Jaour | H20: =N20*X20*K20 -> 0.075465 | K20: 1.075 | N20: 2.7 | X20: 0.026 | Y20: Jaour
A21: P | B21: 2028 | C21: 2030/22 | G21: Jaour | H21: =N21*X21*K21 -> 0.07689475 | I21: 1.065 | K21: 1.075 | N21: 3.11 | X21: 0.023 | Y21: Jaour
A22: P | B22: 2028 | C22: 2028/30 | G22: Jaour | H22: =N22*X22*K22 -> 0.106984 | I22: 1.065 | K22: 1.075 | N22: 3.11 | X22: 0.032 | Y22: Jaour
A23: P | B23: P1503 | C23: P1503/22 | G23: Focus | H23: =N23*X23 -> 0.0726 | I23: 1.065 | N23: 3.3 | X23: 0.022 | Y23: Jaour
C24: 5- Adhésif permanent
A25: P | B25: 2028Y | C25: 2028Y/19 | D25: au 07/04/26 prix 2,36 € | G25: Jaour | H25: =N25*X25*K25 -> 0.058695 | I25: 1.065 | K25: 1.075 | N25: 2.73 | X25: 0.02 | Y25: Jaour
A26: P | B26: 2028Y | C26: 2028Y/22 | D26: au 07/04/26 prix 2,36 € | G26: Jaour | H26: =N26*X26*K26 -> 0.06749925 | I26: 1.065 | K26: 1.075 | N26: 2.73 | X26: 0.023 | Y26: Jaour
A27: P | B27: 2028Y | C27: 2028Y/25 | D27: au 07/04/26 prix 2,36 € | G27: Jaour | H27: =N27*X27*K27 -> 0.0763035 | I27: 1.065 | K27: 1.075 | N27: 2.73 | X27: 0.026 | Y27: Jaour
A28: P | B28: 2028Y | C28: 2028Y/40 | D28: au 07/04/26 prix 2,36 € | G28: Jaour | H28: =N28*X28*K28 -> 0.1232595 | I28: 1.065 | K28: 1.075 | N28: 2.73 | X28: 0.042 | Y28: Jaour
B29: P1201 | C29: P1201T/19 | G29: Focus | H29: =N29*X29 -> 0.0534 | N29: 2.67 | X29: 0.02 | Y29: Focus
B30: P1201 | C30: P1201T/22 | G30: Focus | H30: =N30*X30 -> 0.06141 | N30: 2.67 | X30: 0.023 | Y30: Focus
B31: P1203 | C31: P1203 | G31: Focus | H31: =N31*X31 -> 0.059 | N31: 2.95 | X31: 0.02 | Y31: Focus
C33: 5- Adhésif pneumatique
A34: P | B34: 2288 | C34: 2288/55 | G34: Jaour | H34: =(N34+T34)*X34 -> 0.16005 | K34: 1.075 | N34: 2.91 | P34: 26000 | X34: 0.055 | Y34: Jaour
A35: P | B35: 2288 | C35: 2288/25 | G35: Jaour | H35: =(N35+T35)*X35 -> 0.07566 | I35: 1.065 | K35: 1.075 | N35: 2.91 | X35: 0.026 | Y35: Jaour
A36: P | B36: 1401 | C36: 1401/55 | G36: Focus | H36: =N36*X36 -> 0.16995 | N36: 3.09 | X36: 0.055
C37: 6- Velin
A38: VB | B38: 70 | C38: Velin Etiwell 68 g | G38: Burgo | H38: =N38*X38 -> 0.08976 | N38: 1.32 | X38: 0.068 | Y38: UPM | Z38: VBS
A39: VB | B39: 70 | C39: Velin fluo guyenne | G39: Guyenne | H39: 0.28
C41: 6- Couché
A42: CO | B42: 80 | C42: Eti Lux 80 g Burgo | G42: Mosaico | H42: =N42*X42 -> 0.0888 | N42: 1.11 | X42: 0.08 | Z42: COS
A43: CO | B43: 115 | C43: Couché 115 grammes | H43: 0.15
C45: 7- Thermique Eco
A46: THS | B46: 70 | C46: Thermique Eco KP 460 Prix en Baisse | G46: Kanzan | H46: 0.148 | I46: 0.013 | N46: 0.141 | X46: 1 | Y46: Kanzan | Z46: THES
A47: TP | B47: 75 | C47: Thermique Eco Chine Free | G47: LKn | H47: 0.148 | X47: 0.07 | Y47: Focus | Z47: THEP
A48: TP | B48: 75 | C48: Thermique Eco Chine Free lK | G48: Lkn | H48: =L48*K48 -> 0.11452302 | K48: 0.92 | L48: =(O48+T48)*X48 -> 0.12448154 | O48: 1.586 | P48: 26000 | S48: 5000 | T48: =S48/P48 -> 0.19230769 | W48: 1 | X48: 0.07 | Y48: Focus | Z48: THEP
A50: TP | B50: 75 | C50: Thermique Eco Chine Free PHENOL | G50: Lkn | H50: =L50*K50 -> 0.14859062 | K50: 0.92 | L50: =(O50+T50)*X50 -> 0.16151154 | O50: 2.115 | P50: 26000 | S50: 5000 | T50: =S50/P50 -> 0.19230769 | W50: 1 | X50: 0.07 | Y50: Focus | Z50: THEP
C52: 8- Thermique Pro
A53: TP | B53: 70 | C53: Thermique Top Chine Free | H53: =L53*K53 -> 0.13100942 | K53: 0.92 | L53: =(O53+T53)*X53 -> 0.14240154 | O53: 1.842 | P53: 26000 | S53: 5000 | T53: =S53/P53 -> 0.19230769 | W53: 1 | X53: 0.07 | Y53: Focus | Z53: THEP
A54: TP | B54: 70 | C54: Thermique Top Chine Free lK | F54: R1001 | H54: =L54*K54 -> 0.13088062 | K54: 0.92 | L54: =(O54+T54)*X54 -> 0.14226154 | O54: 1.84 | P54: 26000 | S54: 5000 | T54: =S54/P54 -> 0.19230769 | W54: 1 | X54: 0.07 | Y54: Focus | Z54: THEP
A56: TP | B56: 75 | C56: Thermique Protégé Chine Free Phenol | H56: =L56*K56 -> 0.16179262 | K56: 0.92 | L56: =(O56+T56)*X56 -> 0.17586154 | O56: 2.32 | P56: 26000 | S56: 5000 | T56: =S56/P56 -> 0.19230769 | W56: 0.95 | X56: 0.07
A58: TP | B58: 95 | C58: Thermique Top 95 gsm Chine Free lK | F58: R9501 | H58: =L58*K58 -> 0.23598142 | K58: 0.92 | L58: =(O58+T58)*X58 -> 0.25650154 | O58: 3.472 | P58: 26000 | S58: 5000 | T58: =S58/P58 -> 0.19230769 | W58: 1 | X58: 0.07 | Y58: Focus | Z58: THEP
A61: THP | B61: 105 | C61: Thermique protégé 105 g | G61: Lecta | H61: 0.2793
A63: TP | B63: 82 | C63: Thermique protégé KLRB 46B bicolore | D63: ancien 0,72 € au 01/04/2026 | G63: Kanzan | N63: 0 | X63: 0.707 | Y63: Kanzan | Z63: THEP
B65: 70 | C65: 1393299 - papier jet d'encre mat 70g | D65: 15/04/206 | F65: 1.19 | G65: Rheno | H65: 1.285
A67: PPM | B67: 60 | C67: PP mat 65LT545 | G67: Jindal | H67: =N67*X67 -> 0.271328 | N67: 5.56 | X67: 0.0488 | Y67: Jindal | Z67: PPM
A68: PPM | B68: 60 | C68: PP mat 70TR742 | G68: Jindal | H68: =N68*X68 -> 0.27115 | N68: 5.5 | X68: 0.0493 | Y68: Jindal | Z68: PPM
A69: PP | B69: 60 | C69: PP 60ZH247 | G69: Jindal | H69: =N69*X69 -> 0.1417 | N69: 3.25 | X69: 0.0436 | Y69: Jindal | Z69: PPB
B71: 60 | C71: True color jet d'encre | D71: 46119 | F71: 0.233 | H71: 0.245 | N71: 0.245
A73: PPM | B73: 93
A74: Thermique Top Chine Free lK | C74: RIFO PP 100µ RPG-95 | F74: =J74*I74 -> 0 | H74: =L74*K74 -> 0.0276 | I74: 0.92 | J74: =(M74+R73)*V74 -> 0 | K74: 0.92 | L74: =(O74+T74)*X74 -> 0.03 | P74: 10000 | S74: 3000 | T74: =S74/P74 -> 0.3 | X74: 0.1 | AA74: 100
A76: PP mat 120µ | B76: 120 | C76: PP mat 120µ Rifo | G76: Rifo | H76: 0.32
A77: PP 54 µ thermal | B77: 54 | C77: PP 54 µ thermal | H77: 0.225
A78: PP 75 TH | B78: 75 | C78: PP 75 TH | H78: 0.25
Z79: PP blanc
A80: PPM | B80: 120 | C80: Foliset 120 µ | H80: 0.592
A81: PPM | B81: 120 | C81: Foliset 120 µ Chine | H81: 0.3 | N81: 4.35 | X81: 0.0752
C83: Velin permanent 2028Y likexin | H83: 0.309
C84: Themique Eco permanent 2028Y likexin | H84: 0.302
C85: Thermique Protégé permanent 2028Y likexin | H85: 0.331
A87: Self-adhesive jumbo roll | B87: R2441 | C87: 95µ Thermal Synthetic PP/Acrylic permanent/58g WG | D87: 0.416 | E87: 145 | H87: =L87*K87 -> 0.42169038 | K87: 0.95 | L87: =D87+U87 -> 0.44388462 | P87: 26000 | S87: 5000 | T87: =S87/P87 -> 0.19230769 | U87: =T87*E87/1000 -> 0.027884615
B88: R1241P | C88: 70g Direct Thermal ECO/JT-2028Y adhesive/58g Yellow glassine | D88: 0.27 | E88: 145 | H88: =L88*K88 -> 0.28299038 | K88: 0.95 | L88: =D88+U88 -> 0.29788462 | P88: 26000 | S88: 5000 | T88: =S88/P88 -> 0.19230769 | U88: =T88*E88/1000 -> 0.027884615
B89: R1641 | C89: 70g Direct Thermal TOP/JT-2028Y adhesive/58g Yellow glassine | D89: 0.299 | E89: 145 | H89: =L89*K89 -> 0.31054038 | K89: 0.95 | L89: =D89+U89 -> 0.32688462 | P89: 26000 | S89: 5000 | T89: =S89/P89 -> 0.19230769 | U89: =T89*E89/1000 -> 0.027884615
B90: X1471 | C90: 70g Thermal Transfer Vellum/JT-2028Y adhesive/58g Yellow glassine | D90: 0.277 | E90: 145 | H90: =L90*K90 -> 0.28964038 | K90: 0.95 | L90: =D90+U90 -> 0.30488462 | P90: 26000 | S90: 5000 | T90: =S90/P90 -> 0.19230769 | U90: =T90*E90/1000 -> 0.027884615
A91: Finished label | B91: P1011 | C91: 3 colors pre-printed Thermal eco 70g BPA FREE/Hot melt/58g yellow glassine-new die-cutting----54.5x38.1mm | D91: 0.133 | E91: 38 | H91: =L91*K91 -> 0.13329231 | K91: 0.95 | L91: =D91+U91 -> 0.14030769 | P91: 26000 | S91: 5000 | T91: =S91/P91 -> 0.19230769 | U91: =T91*E91/1000 -> 0.0073076923
B92: R1241P-F | C92: Blank--Fan Folding----148x210mm-1000 pcs/stack 70gsm Thermal Eco/ 19gsm Permanent 2028Y from JAOUR / 58g yellow glassine | D92: 11.28 | E92: 4957 | H92: =L92*K92 -> 11.621606 | K92: 0.95 | L92: =D92+U92 -> 12.233269 | P92: 26000 | S92: 5000 | T92: =S92/P92 -> 0.19230769 | U92: =T92*E92/1000 -> 0.95326923
B93: R163A-F | C93: 1 color pre-printed----Yellow C ----105x148mm-500pcs/roll 70gsm Thermal Top-coated / 22gsm Freeze hot melt -2259 / 58g yellow glassine | D93: 3.78 | E93: 1239 | H93: =L93*K93 -> 3.8173558 | K93: 0.95 | L93: =D93+U93 -> 4.0182692 | P93: 26000 | S93: 5000 | T93: =S93/P93 -> 0.19230769 | U93: =T93*E93/1000 -> 0.23826923
B94: X501 | C94: 76gsm Top thermal linerless label---3 colors ----58mm x 65m Removable hotmelt glue 2mm without glue(two sides) | D94: 1.91 | E94: 340 | H94: =L94*K94 -> 1.8766154 | K94: 0.95 | L94: =D94+U94 -> 1.9753846 | P94: 26000 | S94: 5000 | T94: =S94/P94 -> 0.19230769 | U94: =T94*E94/1000 -> 0.065384615
C107: Sunilabel fluo jaune (papier couché par 18.750 m²) - Laize : 510 mm | G107: Guyenne | H107: 0.35
C108: Sunilabel fluo jaune (papier couché par 37.500 m²) - Laize : 510 mm | G108: Guyenne | H108: 0.28
C110: Jet d'encre mat 70 g/m² Rheno adhésif adhésif 908 | G110: Rheno | H110: 1.29

Sheet Base_matières
B1: Désignation | C1: Frontal | D1: Type | E1: Adhésif | F1: Silicone | G1: Glassine | I1: COHESIO | J1: ROTOFLEX
A3: VELIN
A4: 1012 | B4: =CONCATENATE(C4," ",D4," ",E4," ",F4," ",G4) -> Velin Etiwell 68 g Permanent 2028Y/19 Sans silicone Glassine 58 g chinois LK | C4: Velin Etiwell 68 g | D4: Permanent | E4: 2028Y/19 | F4: Sans silicone | G4: Glassine 58 g chinois LK | I4: {=IF(B4="","",SUM(_xlfn._xlws.FILTER(Parametres!H$1:H$257, (Parametres!C$1:C$257=E4) + (Parametres!C$1:C$257=G4) + (Parametres!C$1:C$257=F4) + (Parametres!C$1:C$257=C4))))} -> 0.26008638 | J4: =I4+0.06 -> 0.32008638
A5: 1012 | B5: =CONCATENATE(C5," ",D5," ",E5," ",F5," ",G5) -> Velin Etiwell 68 g Permanent 2028Y/22 Sans silicone Glassine 58 g chinois LK | C5: Velin Etiwell 68 g | D5: Permanent | E5: 2028Y/22 | F5: Sans silicone | G5: Glassine 58 g chinois LK | H5: B | I5: {=IF(B5="","",SUM(_xlfn._xlws.FILTER(Parametres!H$1:H$257, (Parametres!C$1:C$257=E5) + (Parametres!C$1:C$257=G5) + (Parametres!C$1:C$257=F5) + (Parametres!C$1:C$257=C5))))} -> 0.26889063 | J5: =I5+0.06 -> 0.32889063
I6: {=IF(B6="","",SUM(_xlfn._xlws.FILTER(Parametres!H$1:H$257, (Parametres!C$1:C$257=E6) + (Parametres!C$1:C$257=G6) + (Parametres!C$1:C$257=F6) + (Parametres!C$1:C$257=C6))))}
A7: 1012 | B7: =CONCATENATE(C7," ",D7," ",E7," ",F7," ",G7) -> Velin Etiwell 68 g Enlevable 1408/22 Sans silicone Glassine 58 g chinois LK | C7: Velin Etiwell 68 g | D7: Enlevable | E7: 1408/22 | F7: Sans silicone | G7: Glassine 58 g chinois LK | H7: B | I7: {=IF(B7="","",SUM(_xlfn._xlws.FILTER(Parametres!H$1:H$257, (Parametres!C$1:C$257=E7) + (Parametres!C$1:C$257=G7) + (Parametres!C$1:C$257=F7) + (Parametres!C$1:C$257=C7))))} -> 0.29799138 | J7: =I7+0.06 -> 0.35799138
A8: 1012 | B8: =CONCATENATE(C8," ",D8," ",E8," ",F8," ",G8) -> Velin Etiwell 68 g Enlevable 2355/22 Sans silicone Glassine 58 g chinois LK | C8: Velin Etiwell 68 g | D8: Enlevable | E8: 2355/22 | F8: Sans silicone | G8: Glassine 58 g chinois LK | H8: B | I8: {=IF(B8="","",SUM(_xlfn._xlws.FILTER(Parametres!H$1:H$257, (Parametres!C$1:C$257=E8) + (Parametres!C$1:C$257=G8) + (Parametres!C$1:C$257=F8) + (Parametres!C$1:C$257=C8))))} -> 0.35020138 | J8: =I8+0.06 -> 0.41020138
I9: {=IF(B9="","",SUM(_xlfn._xlws.FILTER(Parametres!H$1:H$257, (Parametres!C$1:C$257=E9) + (Parametres!C$1:C$257=G9) + (Parametres!C$1:C$257=F9) + (Parametres!C$1:C$257=C9))))}
A10: 1012 | B10: =CONCATENATE(C10," ",D10," ",E10," ",F10," ",G10) -> Velin Etiwell 68 g Congélation 2030/22 Sans silicone Glassine 58 g chinois LK | C10: Velin Etiwell 68 g | D10: Congélation | E10: 2030/22 | F10: Sans silicone | G10: Glassine 58 g chinois LK | H10: B | I10: {=IF(B10="","",SUM(_xlfn._xlws.FILTER(Parametres!H$1:H$257, (Parametres!C$1:C$257=E10) + (Parametres!C$1:C$257=G10) + (Parametres!C$1:C$257=F10) + (Parametres!C$1:C$257=C10))))} -> 0.27828613 | J10: =I10+0.06 -> 0.33828613
A11: 1043 | B11: =CONCATENATE(C11," ",D11," ",E11," ",F11," ",G11) -> Velin Etiwell 68 g Congélation 2028/25 Sans silicone Glassine 58 g chinois LK | C11: Velin Etiwell 68 g | D11: Congélation | E11: 2028/25 | F11: Sans silicone | G11: Glassine 58 g chinois LK | H11: H | I11: {=IF(B11="","",SUM(_xlfn._xlws.FILTER(Parametres!H$1:H$257, (Parametres!C$1:C$257=E11) + (Parametres!C$1:C$257=G11) + (Parametres!C$1:C$257=F11) + (Parametres!C$1:C$257=C11))))} -> 0.27685638 | J11: =I11+0.06 -> 0.33685638
B12: =CONCATENATE(C12," ",D12," ",E12," ",F12," ",G12)
A13: 1012 | B13: =CONCATENATE(C13," ",D13," ",E13," ",F13," ",G13) -> Velin Etiwell 68 g Pneu 2288/25 Sans silicone Glassine 58 g chinois LK | C13: Velin Etiwell 68 g | D13: Pneu | E13: 2288/25 | F13: Sans silicone | G13: Glassine 58 g chinois LK | H13: B | I13: {=IF(B13="","",SUM(_xlfn._xlws.FILTER(Parametres!H$1:H$257, (Parametres!C$1:C$257=E13) + (Parametres!C$1:C$257=G13) + (Parametres!C$1:C$257=F13) + (Parametres!C$1:C$257=C13))))} -> 0.27705138 | J13: =I13+0.06 -> 0.33705138
A15: 2100 | B15: =CONCATENATE(C15," ",D15," ",E15," ",F15," ",G15) -> Velin fluo guyenne Permanent 2028Y/19 Sans Silicone Glassine 58 g chinois LK | C15: Velin fluo guyenne | D15: Permanent | E15: 2028Y/19 | F15: Sans Silicone | G15: Glassine 58 g chinois LK | I15: {=IF(B15="","",SUM(_xlfn._xlws.FILTER(Parametres!H$1:H$257, (Parametres!C$1:C$257=E15) + (Parametres!C$1:C$257=G15) + (Parametres!C$1:C$257=F15) + (Parametres!C$1:C$257=C15))))} -> 0.45032638 | J15: =I15+0.06 -> 0.51032638
I17: {=IF(B17="","",SUM(_xlfn._xlws.FILTER(Parametres!H$1:H$257, (Parametres!C$1:C$257=E17) + (Parametres!C$1:C$257=G17) + (Parametres!C$1:C$257=F17) + (Parametres!C$1:C$257=C17))))}
A18: COUCHE | I18: {=IF(B18="","",SUM(_xlfn._xlws.FILTER(Parametres!H$1:H$257, (Parametres!C$1:C$257=E18) + (Parametres!C$1:C$257=G18) + (Parametres!C$1:C$257=F18) + (Parametres!C$1:C$257=C18))))}
A19: 1141 | B19: =CONCATENATE(C19," ",D19," ",E19," ",F19," ",G19) -> Eti Lux 80 g Burgo Permanent 2028Y/19 Sans Silicone Glassine 58 g chinois | C19: Eti Lux 80 g Burgo | D19: Permanent | E19: 2028Y/19 | F19: Sans Silicone | G19: Glassine 58 g chinois | H19: B | I19: {=IF(B19="","",SUM(_xlfn._xlws.FILTER(Parametres!H$1:H$257, (Parametres!C$1:C$257=E19) + (Parametres!C$1:C$257=G19) + (Parametres!C$1:C$257=F19) + (Parametres!C$1:C$257=C19))))} -> 0.147495 | J19: =I19+0.06 -> 0.207495
I20: {=IF(B20="","",SUM(_xlfn._xlws.FILTER(Parametres!H$1:H$257, (Parametres!C$1:C$257=E20) + (Parametres!C$1:C$257=G20) + (Parametres!C$1:C$257=F20) + (Parametres!C$1:C$257=C20))))}
A21: 1141 | B21: =CONCATENATE(C21," ",D21," ",E21," ",F21," ",G21) -> Eti Lux 80 g Burgo Permanent 1408/22 Sans Silicone Glassine 58 g chinois | C21: Eti Lux 80 g Burgo | D21: Permanent | E21: 1408/22 | F21: Sans Silicone | G21: Glassine 58 g chinois | H21: B | I21: {=IF(B21="","",SUM(_xlfn._xlws.FILTER(Parametres!H$1:H$257, (Parametres!C$1:C$257=E21) + (Parametres!C$1:C$257=G21) + (Parametres!C$1:C$257=F21) + (Parametres!C$1:C$257=C21))))} -> 0.1854 | J21: =I21+0.06 -> 0.2454
A22: 1141 | B22: =CONCATENATE(C22," ",D22," ",E22," ",F22," ",G22) -> Eti Lux 80 g Burgo Permanent 2355/22 Sans Silicone Glassine 58 g chinois | C22: Eti Lux 80 g Burgo | D22: Permanent | E22: 2355/22 | F22: Sans Silicone | G22: Glassine 58 g chinois | H22: B | I22: {=IF(B22="","",SUM(_xlfn._xlws.FILTER(Parametres!H$1:H$257, (Parametres!C$1:C$257=E22) + (Parametres!C$1:C$257=G22) + (Parametres!C$1:C$257=F22) + (Parametres!C$1:C$257=C22))))} -> 0.23761 | J22: =I22+0.06 -> 0.29761
A24: 1141 | B24: =CONCATENATE(C24," ",D24," ",E24," ",F24," ",G24) -> Couché 115 grammes Permanent 2288/55 Sans Silicone Glassine 58 g chinois LK | C24: Couché 115 grammes | D24: Permanent | E24: 2288/55 | F24: Sans Silicone | G24: Glassine 58 g chinois LK | H24: B | I24: {=IF(B24="","",SUM(_xlfn._xlws.FILTER(Parametres!H$1:H$257, (Parametres!C$1:C$257=E24) + (Parametres!C$1:C$257=G24) + (Parametres!C$1:C$257=F24) + (Parametres!C$1:C$257=C24))))} -> 0.42168138 | J24: =I24+0.06 -> 0.48168138
A27: JET d'ENCRE | I27: {=IF(B27="","",SUM(_xlfn._xlws.FILTER(Parametres!H$1:H$257, (Parametres!C$1:C$257=E27) + (Parametres!C$1:C$257=G27) + (Parametres!C$1:C$257=F27) + (Parametres!C$1:C$257=C27))))}
B28: =CONCATENATE(C28," ",D28," ",E28," ",F28," ",G28) -> True color jet d'encre Permanent 2028Y/19 Sans Silicone Glassine 58 g chinois LK | C28: True color jet d'encre | D28: Permanent | E28: 2028Y/19 | F28: Sans Silicone | G28: Glassine 58 g chinois LK | H28: B | I28: {=IF(B28="","",SUM(_xlfn._xlws.FILTER(Parametres!H$1:H$257, (Parametres!C$1:C$257=E28) + (Parametres!C$1:C$257=G28) + (Parametres!C$1:C$257=F28) + (Parametres!C$1:C$257=C28))))} -> 0.41532638 | J28: =I28+0.06 -> 0.47532638
I29: {=IF(B29="","",SUM(_xlfn._xlws.FILTER(Parametres!H$1:H$257, (Parametres!C$1:C$257=E29) + (Parametres!C$1:C$257=G29) + (Parametres!C$1:C$257=F29) + (Parametres!C$1:C$257=C29))))}
A31: THERMIQUE ECO
I32: {=IF(B32="","",SUM(_xlfn._xlws.FILTER(Parametres!H$1:H$257, (Parametres!C$1:C$257=E32) + (Parametres!C$1:C$257=G32) + (Parametres!C$1:C$257=F32) + (Parametres!C$1:C$257=C32))))}
A33: 1012 | B33: =CONCATENATE(C33," ",D33," ",E33," ",F33," ",G33) -> Thermique Eco Chine Free lK Permanent 2028Y/19 Sans silicone Glassine 58 g chinois LK | C33: Thermique Eco Chine Free lK | D33: Permanent | E33: 2028Y/19 | F33: Sans silicone | G33: Glassine 58 g chinois LK | I33: {=IF(B33="","",SUM(_xlfn._xlws.FILTER(Parametres!H$1:H$257, (Parametres!C$1:C$257=E33) + (Parametres!C$1:C$257=G33) + (Parametres!C$1:C$257=F33) + (Parametres!C$1:C$257=C33))))} -> 0.2848494 | J33: 0.432
A34: 1012 | B34: =CONCATENATE(C34," ",D34," ",E34," ",F34," ",G34) -> Thermique Eco Chine Free lK Permanent 2028Y/22 Sans silicone Glassine 58 g chinois LK | C34: Thermique Eco Chine Free lK | D34: Permanent | E34: 2028Y/22 | F34: Sans silicone | G34: Glassine 58 g chinois LK | H34: B | I34: {=IF(B34="","",SUM(_xlfn._xlws.FILTER(Parametres!H$1:H$257, (Parametres!C$1:C$257=E34) + (Parametres!C$1:C$257=G34) + (Parametres!C$1:C$257=F34) + (Parametres!C$1:C$257=C34))))} -> 0.29365365 | J34: 0.432
I35: {=IF(B35="","",SUM(_xlfn._xlws.FILTER(Parametres!H$1:H$257, (Parametres!C$1:C$257=E35) + (Parametres!C$1:C$257=G35) + (Parametres!C$1:C$257=F35) + (Parametres!C$1:C$257=C35))))}
A36: 1012 | B36: =CONCATENATE(C36," ",D36," ",E36," ",F36," ",G36) -> Thermique Eco Chine Free lK Enlevable 1408/22 Sans silicone Glassine 58 g chinois LK | C36: Thermique Eco Chine Free lK | D36: Enlevable | E36: 1408/22 | F36: Sans silicone | G36: Glassine 58 g chinois LK | H36: B | I36: {=IF(B36="","",SUM(_xlfn._xlws.FILTER(Parametres!H$1:H$257, (Parametres!C$1:C$257=E36) + (Parametres!C$1:C$257=G36) + (Parametres!C$1:C$257=F36) + (Parametres!C$1:C$257=C36))))} -> 0.3227544 | J36: =I36+0.06 -> 0.3827544
A37: 1012 | B37: =CONCATENATE(C37," ",D37," ",E37," ",F37," ",G37) -> Thermique Eco Chine Free lK Enlevable 2355/22 Sans silicone Glassine 58 g chinois LK | C37: Thermique Eco Chine Free lK | D37: Enlevable | E37: 2355/22 | F37: Sans silicone | G37: Glassine 58 g chinois LK | H37: B | I37: {=IF(B37="","",SUM(_xlfn._xlws.FILTER(Parametres!H$1:H$257, (Parametres!C$1:C$257=E37) + (Parametres!C$1:C$257=G37) + (Parametres!C$1:C$257=F37) + (Parametres!C$1:C$257=C37))))} -> 0.3749644 | J37: =I37+0.06 -> 0.4349644
I38: {=IF(B38="","",SUM(_xlfn._xlws.FILTER(Parametres!H$1:H$257, (Parametres!C$1:C$257=E38) + (Parametres!C$1:C$257=G38) + (Parametres!C$1:C$257=F38) + (Parametres!C$1:C$257=C38))))}
A39: 1012 | B39: =CONCATENATE(C39," ",D39," ",E39," ",F39," ",G39) -> Thermique Eco Chine Free lK Congélation 2030/22 Sans silicone Glassine 58 g chinois LK | C39: Thermique Eco Chine Free lK | D39: Congélation | E39: 2030/22 | F39: Sans silicone | G39: Glassine 58 g chinois LK | H39: B | I39: {=IF(B39="","",SUM(_xlfn._xlws.FILTER(Parametres!H$1:H$257, (Parametres!C$1:C$257=E39) + (Parametres!C$1:C$257=G39) + (Parametres!C$1:C$257=F39) + (Parametres!C$1:C$257=C39))))} -> 0.30304915 | J39: =I39+0.06 -> 0.36304915
A40: 1043 | B40: =CONCATENATE(C40," ",D40," ",E40," ",F40," ",G40) -> Thermique Eco Chine Free lK Congélation 2028/25 Sans silicone Glassine 58 g chinois LK | C40: Thermique Eco Chine Free lK | D40: Congélation | E40: 2028/25 | F40: Sans silicone | G40: Glassine 58 g chinois LK | H40: H | I40: {=IF(B40="","",SUM(_xlfn._xlws.FILTER(Parametres!H$1:H$257, (Parametres!C$1:C$257=E40) + (Parametres!C$1:C$257=G40) + (Parametres!C$1:C$257=F40) + (Parametres!C$1:C$257=C40))))} -> 0.3016194 | J40: =I40+0.06 -> 0.3616194
B41: =CONCATENATE(C41," ",D41," ",E41," ",F41," ",G41)
A42: 1012 | B42: =CONCATENATE(C42," ",D42," ",E42," ",F42," ",G42) -> Thermique Eco Chine Free lK Pneu 2288/25 Sans silicone Glassine 58 g chinois LK | C42: Thermique Eco Chine Free lK | D42: Pneu | E42: 2288/25 | F42: Sans silicone | G42: Glassine 58 g chinois LK | H42: B
I43: {=IF(B43="","",SUM(_xlfn._xlws.FILTER(Parametres!H$1:H$257, (Parametres!C$1:C$257=E43) + (Parametres!C$1:C$257=G43) + (Parametres!C$1:C$257=F43) + (Parametres!C$1:C$257=C43))))}
I44: {=IF(B44="","",SUM(_xlfn._xlws.FILTER(Parametres!H$1:H$257, (Parametres!C$1:C$257=E44) + (Parametres!C$1:C$257=G44) + (Parametres!C$1:C$257=F44) + (Parametres!C$1:C$257=C44))))}
A45: THERMIQUE PRO | I45: {=IF(B45="","",SUM(_xlfn._xlws.FILTER(Parametres!H$1:H$257, (Parametres!C$1:C$257=E45) + (Parametres!C$1:C$257=G45) + (Parametres!C$1:C$257=F45) + (Parametres!C$1:C$257=C45))))}
I46: {=IF(B46="","",SUM(_xlfn._xlws.FILTER(Parametres!H$1:H$257, (Parametres!C$1:C$257=E46) + (Parametres!C$1:C$257=G46) + (Parametres!C$1:C$257=F46) + (Parametres!C$1:C$257=C46))))}
A47: 1012 | B47: =CONCATENATE(C47," ",D47," ",E47," ",F47," ",G47) -> Thermique Top Chine Free lK Permanent 2028Y/19 Sans silicone Glassine 58 g chinois LK | C47: Thermique Top Chine Free lK | D47: Permanent | E47: 2028Y/19 | F47: Sans silicone | G47: Glassine 58 g chinois LK | I47: {=IF(B47="","",SUM(_xlfn._xlws.FILTER(Parametres!H$1:H$257, (Parametres!C$1:C$257=E47) + (Parametres!C$1:C$257=G47) + (Parametres!C$1:C$257=F47) + (Parametres!C$1:C$257=C47))))} -> 0.301207 | J47: =I47+0.06 -> 0.361207
A48: 1012 | B48: =CONCATENATE(C48," ",D48," ",E48," ",F48," ",G48) -> Thermique Top Chine Free lK Permanent 2028Y/22 Sans silicone Glassine 58 g chinois LK | C48: Thermique Top Chine Free lK | D48: Permanent | E48: 2028Y/22 | F48: Sans silicone | G48: Glassine 58 g chinois LK | H48: B | I48: {=IF(B48="","",SUM(_xlfn._xlws.FILTER(Parametres!H$1:H$257, (Parametres!C$1:C$257=E48) + (Parametres!C$1:C$257=G48) + (Parametres!C$1:C$257=F48) + (Parametres!C$1:C$257=C48))))} -> 0.31001125 | J48: =I48+0.06 -> 0.37001125
I49: {=IF(B49="","",SUM(_xlfn._xlws.FILTER(Parametres!H$1:H$257, (Parametres!C$1:C$257=E49) + (Parametres!C$1:C$257=G49) + (Parametres!C$1:C$257=F49) + (Parametres!C$1:C$257=C49))))}
A50: 1012 | B50: =CONCATENATE(C50," ",D50," ",E50," ",F50," ",G50) -> Thermique Top Chine Free lK Enlevable 1408/22 Sans silicone Glassine 58 g chinois LK | C50: Thermique Top Chine Free lK | D50: Enlevable | E50: 1408/22 | F50: Sans silicone | G50: Glassine 58 g chinois LK | H50: B | I50: {=IF(B50="","",SUM(_xlfn._xlws.FILTER(Parametres!H$1:H$257, (Parametres!C$1:C$257=E50) + (Parametres!C$1:C$257=G50) + (Parametres!C$1:C$257=F50) + (Parametres!C$1:C$257=C50))))} -> 0.339112 | J50: =I50+0.06 -> 0.399112
A51: 1012 | B51: =CONCATENATE(C51," ",D51," ",E51," ",F51," ",G51) -> Thermique Top Chine Free lK Enlevable 2355/22 Sans silicone Glassine 58 g chinois LK | C51: Thermique Top Chine Free lK | D51: Enlevable | E51: 2355/22 | F51: Sans silicone | G51: Glassine 58 g chinois LK | H51: B | I51: {=IF(B51="","",SUM(_xlfn._xlws.FILTER(Parametres!H$1:H$257, (Parametres!C$1:C$257=E51) + (Parametres!C$1:C$257=G51) + (Parametres!C$1:C$257=F51) + (Parametres!C$1:C$257=C51))))} -> 0.391322 | J51: =I51+0.06 -> 0.451322
I52: {=IF(B52="","",SUM(_xlfn._xlws.FILTER(Parametres!H$1:H$257, (Parametres!C$1:C$257=E52) + (Parametres!C$1:C$257=G52) + (Parametres!C$1:C$257=F52) + (Parametres!C$1:C$257=C52))))}
A53: 1012 | B53: =CONCATENATE(C53," ",D53," ",E53," ",F53," ",G53) -> Thermique Top Chine Free lK Congélation 2030/22 Sans silicone Glassine 58 g chinois LK | C53: Thermique Top Chine Free lK | D53: Congélation | E53: 2030/22 | F53: Sans silicone | G53: Glassine 58 g chinois LK | H53: B | I53: {=IF(B53="","",SUM(_xlfn._xlws.FILTER(Parametres!H$1:H$257, (Parametres!C$1:C$257=E53) + (Parametres!C$1:C$257=G53) + (Parametres!C$1:C$257=F53) + (Parametres!C$1:C$257=C53))))} -> 0.31940675 | J53: =I53+0.06 -> 0.37940675
A54: 1043 | B54: =CONCATENATE(C54," ",D54," ",E54," ",F54," ",G54) -> Thermique Top Chine Free lK Congélation 2028/25 Sans silicone Glassine 58 g chinois LK | C54: Thermique Top Chine Free lK | D54: Congélation | E54: 2028/25 | F54: Sans silicone | G54: Glassine 58 g chinois LK | H54: H | I54: {=IF(B54="","",SUM(_xlfn._xlws.FILTER(Parametres!H$1:H$257, (Parametres!C$1:C$257=E54) + (Parametres!C$1:C$257=G54) + (Parametres!C$1:C$257=F54) + (Parametres!C$1:C$257=C54))))} -> 0.317977 | J54: =I54+0.06 -> 0.377977
B55: =CONCATENATE(C55," ",D55," ",E55," ",F55," ",G55)
A56: 1012 | B56: =CONCATENATE(C56," ",D56," ",E56," ",F56," ",G56) -> Thermique Top Chine Free lK Pneu 2288/25 Sans silicone Glassine 58 g chinois LK | C56: Thermique Top Chine Free lK | D56: Pneu | E56: 2288/25 | F56: Sans silicone | G56: Glassine 58 g chinois LK | H56: B | J56: =I56+0.06 -> 0.06
B57: =CONCATENATE(C57," ",D57," ",E57," ",F57," ",G57)
A58: 1223 | B58: =CONCATENATE(C58," ",D58," ",E58," ",F58," ",G58) -> Thermique protégé KLRB 46B bicolore Permanent renforçé 2028Y/19 sans silicone Glassine 58 g chinois LK | C58: Thermique protégé KLRB 46B bicolore | D58: Permanent renforçé | E58: 2028Y/19 | F58: sans silicone | G58: Glassine 58 g chinois LK | I58: {=IF(B58="","",SUM(_xlfn._xlws.FILTER(Parametres!H$1:H$257, (Parametres!C$1:C$257=E58) + (Parametres!C$1:C$257=G58) + (Parametres!C$1:C$257=F58) + (Parametres!C$1:C$257=C58))))} -> 0.17032638 | J58: =I58+0.06 -> 0.23032638
B60: ATTENTE SUR LES PRIX Ci-dessous
A62: 2200 | B62: =CONCATENATE(C62," ",D62," ",E62," ",F62," ",G62) -> RIFO PP 100µ RPG-95 Permanent 2028Y/40 sans silicone Glassine 58 g chinois LK | C62: RIFO PP 100µ RPG-95 | D62: Permanent | E62: 2028Y/40 | F62: sans silicone | G62: Glassine 58 g chinois LK | I62: {=IF(B62="","",SUM(_xlfn._xlws.FILTER(Parametres!H$1:H$257, (Parametres!C$1:C$257=E62) + (Parametres!C$1:C$257=G62) + (Parametres!C$1:C$257=F62) + (Parametres!C$1:C$257=C62))))} -> 0.26249088 | J62: =I62+0.06 -> 0.32249088
A65: 2200 | B65: =CONCATENATE(C65," ",D65," ",E65," ",F65," ",G65)
A66: 2100 | B66: =CONCATENATE(C66," ",D66," ",E66," ",F66," ",G66)
A67: 2100 | B67: =CONCATENATE(C67," ",D67," ",E67," ",F67," ",G67)
A68: 2100 | B68: =CONCATENATE(C68," ",D68," ",E68," ",F68," ",G68)
A70: 2100 | B70: =CONCATENATE(C70," ",D70," ",E70," ",F70," ",G70)
A71: 2100 | B71: =CONCATENATE(C71," ",D71," ",E71," ",F71," ",G71)
A72: 2100 | B72: =CONCATENATE(C72," ",D72," ",E72," ",F72," ",G72)
A73: 2100 | B73: =CONCATENATE(C73," ",D73," ",E73," ",F73," ",G73)
A74: 2100 | B74: =CONCATENATE(C74," ",D74," ",E74," ",F74," ",G74)
A75: 2100 | B75: =CONCATENATE(C75," ",D75," ",E75," ",F75," ",G75)
A78: 2100 | B78: =CONCATENATE(C78," ",D78," ",E78," ",F78," ",G78)
A79: 2100 | B79: =CONCATENATE(C79," ",D79," ",E79," ",F79," ",G79)
... A83: 2100 | B83: =CONCATENATE(C83," ",D83," ",E83," ",F83," ",G83)
I84: {=IF(B84="","",SUM(_xlfn._xlws.FILTER(Parametres!H$1:H$257, (Parametres!C$1:C$257=E84) + (Parametres!C$1:C$257=G84) + (Parametres!C$1:C$257=F84) + (Parametres!C$1:C$257=C84))))}
I85: {=IF(B85="","",SUM(_xlfn._xlws.FILTER(Parametres!H$1:H$257, (Parametres!C$1:C$257=E85) + (Parametres!C$1:C$257=G85) + (Parametres!C$1:C$257=F85) + (Parametres!C$1:C$257=C85))))}
I86: {=IF(B86="","",SUM(_xlfn._xlws.FILTER(Parametres!H$1:H$257, (Parametres!C$1:C$257=E86) + (Parametres!C$1:C$257=G86) + (Parametres!C$1:C$257=F86) + (Parametres!C$1:C$257=C86))))}
I87: {=IF(B87="","",SUM(_xlfn._xlws.FILTER(Parametres!H$1:H$257, (Parametres!C$1:C$257=E87) + (Parametres!C$1:C$257=G87) + (Parametres!C$1:C$257=F87) + (Parametres!C$1:C$257=C87))))}
I88: {=IF(B88="","",SUM(_xlfn._xlws.FILTER(Parametres!H$1:H$257, (Parametres!C$1:C$257=E88) + (Parametres!C$1:C$257=G88) + (Parametres!C$1:C$257=F88) + (Parametres!C$1:C$257=C88))))}
I89: {=IF(B89="","",SUM(_xlfn._xlws.FILTER(Parametres!H$1:H$257, (Parametres!C$1:C$257=E89) + (Parametres!C$1:C$257=G89) + (Parametres!C$1:C$257=F89) + (Parametres!C$1:C$257=C89))))}
I90: {=IF(B90="","",SUM(_xlfn._xlws.FILTER(Parametres!H$1:H$257, (Parametres!C$1:C$257=E90) + (Parametres!C$1:C$257=G90) + (Parametres!C$1:C$257=F90) + (Parametres!C$1:C$257=C90))))}
I91: {=IF(B91="","",SUM(_xlfn._xlws.FILTER(Parametres!H$1:H$257, (Parametres!C$1:C$257=E91) + (Parametres!C$1:C$257=G91) + (Parametres!C$1:C$257=F91) + (Parametres!C$1:C$257=C91))))}
I92: {=IF(B92="","",SUM(_xlfn._xlws.FILTER(Parametres!H$1:H$257, (Parametres!C$1:C$257=E92) + (Parametres!C$1:C$257=G92) + (Parametres!C$1:C$257=F92) + (Parametres!C$1:C$257=C92))))}
I93: {=IF(B93="","",SUM(_xlfn._xlws.FILTER(Parametres!H$1:H$257, (Parametres!C$1:C$257=E93) + (Parametres!C$1:C$257=G93) + (Parametres!C$1:C$257=F93) + (Parametres!C$1:C$257=C93))))}
I94: {=IF(B94="","",SUM(_xlfn._xlws.FILTER(Parametres!H$1:H$257, (Parametres!C$1:C$257=E94) + (Parametres!C$1:C$257=G94) + (Parametres!C$1:C$257=F94) + (Parametres!C$1:C$257=C94))))} | J94: =I94+0.06 -> #VALUE!
I95: {=IF(B95="","",SUM(_xlfn._xlws.FILTER(Parametres!H$1:H$257, (Parametres!C$1:C$257=E95) + (Parametres!C$1:C$257=G95) + (Parametres!C$1:C$257=F95) + (Parametres!C$1:C$257=C95))))}
I96: {=IF(B96="","",SUM(_xlfn._xlws.FILTER(Parametres!H$1:H$257, (Parametres!C$1:C$257=E96) + (Parametres!C$1:C$257=G96) + (Parametres!C$1:C$257=F96) + (Parametres!C$1:C$257=C96))))}
I97: {=IF(B97="","",SUM(_xlfn._xlws.FILTER(Parametres!H$1:H$257, (Parametres!C$1:C$257=E97) + (Parametres!C$1:C$257=G97) + (Parametres!C$1:C$257=F97) + (Parametres!C$1:C$257=C97))))}
I98: {=IF(B98="","",SUM(_xlfn._xlws.FILTER(Parametres!H$1:H$257, (Parametres!C$1:C$257=E98) + (Parametres!C$1:C$257=G98) + (Parametres!C$1:C$257=F98) + (Parametres!C$1:C$257=C98))))}
I99: {=IF(B99="","",SUM(_xlfn._xlws.FILTER(Parametres!H$1:H$257, (Parametres!C$1:C$257=E99) + (Parametres!C$1:C$257=G99) + (Parametres!C$1:C$257=F99) + (Parametres!C$1:C$257=C99))))}
I100: {=IF(B100="","",SUM(_xlfn._xlws.FILTER(Parametres!H$1:H$257, (Parametres!C$1:C$257=E100) + (Parametres!C$1:C$257=G100) + (Parametres!C$1:C$257=F100) + (Parametres!C$1:C$257=C100))))}
I101: {=IF(B101="","",SUM(_xlfn._xlws.FILTER(Parametres!H$1:H$257, (Parametres!C$1:C$257=E101) + (Parametres!C$1:C$257=G101) + (Parametres!C$1:C$257=F101) + (Parametres!C$1:C$257=C101))))}
A102: 2100 | B102: =CONCATENATE(C102," ",D102," ",E102," ",F102," ",G102) -> Foliset 100 µ Permanent 2021/19 Sans Silicone Glassine 58 g sil./Itasa Prix en Baisse | C102: Foliset 100 µ | D102: Permanent | E102: 2021/19 | F102: Sans Silicone | G102: Glassine 58 g sil./Itasa Prix en Baisse | I102: {=IF(B102="","",SUM(_xlfn._xlws.FILTER(Parametres!H$1:H$257, (Parametres!C$1:C$257=E102) + (Parametres!C$1:C$257=G102) + (Parametres!C$1:C$257=F102) + (Parametres!C$1:C$257=C102))))} -> 0.148 | J102: =I102+0.06 -> 0.208
B103: =CONCATENATE(C103," ",D103," ",E103," ",F103," ",G103) | I103: {=IF(B103="","",SUM(_xlfn._xlws.FILTER(Parametres!H$1:H$257, (Parametres!C$1:C$257=E103) + (Parametres!C$1:C$257=G103) + (Parametres!C$1:C$257=F103) + (Parametres!C$1:C$257=C103))))} -> 0 | J103: =I103+0.06 -> 0.06
I104: {=IF(B104="","",SUM(_xlfn._xlws.FILTER(Parametres!H$1:H$257, (Parametres!C$1:C$257=E104) + (Parametres!C$1:C$257=G104) + (Parametres!C$1:C$257=F104) + (Parametres!C$1:C$257=C104))))}
I105: {=IF(B105="","",SUM(_xlfn._xlws.FILTER(Parametres!H$1:H$257, (Parametres!C$1:C$257=E105) + (Parametres!C$1:C$257=G105) + (Parametres!C$1:C$257=F105) + (Parametres!C$1:C$257=C105))))}
I106: {=IF(B106="","",SUM(_xlfn._xlws.FILTER(Parametres!H$1:H$257, (Parametres!C$1:C$257=E106) + (Parametres!C$1:C$257=G106) + (Parametres!C$1:C$257=F106) + (Parametres!C$1:C$257=C106))))}
I107: {=IF(B107="","",SUM(_xlfn._xlws.FILTER(Parametres!H$1:H$257, (Parametres!C$1:C$257=E107) + (Parametres!C$1:C$257=G107) + (Parametres!C$1:C$257=F107) + (Parametres!C$1:C$257=C107))))}
I108: {=IF(B108="","",SUM(_xlfn._xlws.FILTER(Parametres!H$1:H$257, (Parametres!C$1:C$257=E108) + (Parametres!C$1:C$257=G108) + (Parametres!C$1:C$257=F108) + (Parametres!C$1:C$257=C108))))}
I109: {=IF(B109="","",SUM(_xlfn._xlws.FILTER(Parametres!H$1:H$257, (Parametres!C$1:C$257=E109) + (Parametres!C$1:C$257=G109) + (Parametres!C$1:C$257=F109) + (Parametres!C$1:C$257=C109))))}
I110: {=IF(B110="","",SUM(_xlfn._xlws.FILTER(Parametres!H$1:H$257, (Parametres!C$1:C$257=E110) + (Parametres!C$1:C$257=G110) + (Parametres!C$1:C$257=F110) + (Parametres!C$1:C$257=C110))))}
I111: {=IF(B111="","",SUM(_xlfn._xlws.FILTER(Parametres!H$1:H$257, (Parametres!C$1:C$257=E111) + (Parametres!C$1:C$257=G111) + (Parametres!C$1:C$257=F111) + (Parametres!C$1:C$257=C111))))}
I112: {=IF(B112="","",SUM(_xlfn._xlws.FILTER(Parametres!H$1:H$257, (Parametres!C$1:C$257=E112) + (Parametres!C$1:C$257=G112) + (Parametres!C$1:C$257=F112) + (Parametres!C$1:C$257=C112))))}
A113: 2100 | B113: =CONCATENATE(C113," ",D113," ",E113," ",F113," ",G113) -> Jet d'encre Permanent 2021/20 sans silicone Glassine 60 g siliconée /MONDI | C113: Jet d'encre | D113: Permanent | E113: 2021/20 | F113: sans silicone | G113: Glassine 60 g siliconée /MONDI | I113: {=IF(B113="","",SUM(_xlfn._xlws.FILTER(Parametres!H$1:H$257, (Parametres!C$1:C$257=E113) + (Parametres!C$1:C$257=G113) + (Parametres!C$1:C$257=F113) + (Parametres!C$1:C$257=C113))))} -> 0
I114: {=IF(B114="","",SUM(_xlfn._xlws.FILTER(Parametres!H$1:H$257, (Parametres!C$1:C$257=E114) + (Parametres!C$1:C$257=G114) + (Parametres!C$1:C$257=F114) + (Parametres!C$1:C$257=C114))))}
I115: {=IF(B115="","",SUM(_xlfn._xlws.FILTER(Parametres!H$1:H$257, (Parametres!C$1:C$257=E115) + (Parametres!C$1:C$257=G115) + (Parametres!C$1:C$257=F115) + (Parametres!C$1:C$257=C115))))}
I116: {=IF(B116="","",SUM(_xlfn._xlws.FILTER(Parametres!H$1:H$257, (Parametres!C$1:C$257=E116) + (Parametres!C$1:C$257=G116) + (Parametres!C$1:C$257=F116) + (Parametres!C$1:C$257=C116))))}
I117: {=IF(B117="","",SUM(_xlfn._xlws.FILTER(Parametres!H$1:H$257, (Parametres!C$1:C$257=E117) + (Parametres!C$1:C$257=G117) + (Parametres!C$1:C$257=F117) + (Parametres!C$1:C$257=C117))))}
...
